ff,6f,35,28,01,48,e8,02,00,00,03,08,0e,04,e0,f8,05,00,00,06,88,f4,07,70,fc,08,a8,fa,09,00,00,0a,00,00,0b,00,00,0c,00,00,0d,00,00,0e,00,00,0f,00,00,10,70,fc,0d
ff,6f,35,28,01,48,e8,02,00,00,03,00,00,04,e0,f8,05,00,00,06,88,f4,07,70,fc,08,a8,fa,09,00,00,0a,00,00,0b,00,00,0c,00,00,0d,00,00,0e,00,00,0f,00,00,10,70,fc,0b
ff,6f,35,28,01,48,e8,02,00,00,03,08,0e,04,e0,f8,05,00,00,06,88,f4,07,70,fc,08,a8,fa,09,00,00,0a,00,00,0b,00,00,0c,00,00,0d,00,00,0e,00,00,0f,00,00,10,70,fc,0d
ff,6f,35,28,01,48,e8,02,00,00,03,00,00,04,e0,f8,05,00,00,06,88,f4,07,70,fc,08,a8,fa,09,00,00,0a,00,00,0b,00,00,0c,00,00,0d,00,00,0e,00,00,0f,00,00,10,70,fc,0b
ff,6f,35,28,01,48,e8,02,00,00,03,00,00,04,e0,f8,05,00,00,06,88,f4,07,70,fc,08,a8,fa,09,00,00,0a,00,00,0b,00,00,0c,00,00,0d,00,00,0e,00,00,0f,00,00,10,70,fc,0b
ff,6f,35,28,01,00,00,02,b8,16,03,20,06,04,f8,f0,05,78,0a,06,00,00,07,58,04,08,90,02,09,00,00,0a,00,00,0b,00,00,0c,00,00,0d,00,00,0e,00,00,0f,90,02,10,00,00,33
ff,6f,35,28,01,00,00,02,b8,16,03,20,06,04,00,00,05,78,0a,06,00,00,07,58,04,08,90,02,09,00,00,0a,00,00,0b,00,00,0c,00,00,0d,00,00,0e,00,00,0f,90,02,10,00,00,3b
ff,6f,35,28,01,00,00,02,b8,16,03,20,06,04,f8,f0,05,78,0a,06,00,00,07,58,04,08,90,02,09,00,00,0a,00,00,0b,00,00,0c,00,00,0d,00,00,0e,00,00,0f,90,02,10,00,00,33
ff,6f,35,28,01,00,00,02,b8,16,03,20,06,04,00,00,05,78,0a,06,00,00,07,58,04,08,90,02,09,00,00,0a,00,00,0b,00,00,0c,00,00,0d,00,00,0e,00,00,0f,90,02,10,00,00,3b
ff,6f,35,28,01,00,00,02,b8,16,03,20,06,04,00,00,05,78,0a,06,00,00,07,58,04,08,90,02,09,00,00,0a,00,00,0b,00,00,0c,00,00,0d,00,00,0e,00,00,0f,90,02,10,00,00,3b
ff,6f,35,28,01,00,00,02,00,00,03,dc,0a,04,24,f4,05,00,00,06,00,00,07,00,00,08,00,00,09,00,00,0a,00,00,0b,00,00,0c,00,00,0d,00,00,0e,00,00,0f,00,00,10,00,00,9b
